iter,mine_val_loss,corpus_val_loss,copy@8,copy@12,copy@20,longest_copied
0,1.6851318764686585,1.3703583455085755,0.25030425963488845,0.020040899795501024,0.0,20
50,1.592622697353363,1.4468231296539307,0.2945233265720081,0.03190184049079754,0.0,19
100,1.5697122454643249,1.4941613149642945,0.3062880324543611,0.028220858895705525,0.0,15
150,1.5526337552070617,1.5183602046966553,0.30344827586206896,0.033946830265848674,0.0,19
200,1.546365087032318,1.537066993713379,0.2957403651115619,0.0229038854805726,0.0,20
250,1.536414225101471,1.5519829559326173,0.354158215010142,0.0458077709611452,0.0,17
300,1.5347511553764344,1.5661466193199158,0.3379310344827586,0.059304703476482624,0.0,23
350,1.5331514811515807,1.5717122960090637,0.37363083164300204,0.05848670756646217,0.0004158004158004158,20
400,1.5283988952636718,1.5766755485534667,0.3501014198782961,0.0556237218813906,0.0008316008316008316,21
450,1.5259843516349791,1.5936337614059448,0.34401622718052743,0.03558282208588957,0.0,21
500,1.522815341949463,1.6022183895111084,0.3789046653144016,0.06462167689161555,0.0,21
550,1.5241105008125304,1.605330924987793,0.36835699797160243,0.04703476482617587,0.0,19
600,1.5233753061294555,1.609235587120056,0.36024340770791075,0.04948875255623721,0.0,19
650,1.5217771482467652,1.6166044569015503,0.3890466531440162,0.0621676891615542,0.0,20
700,1.5217343473434448,1.6185622358322143,0.3748478701825558,0.05807770961145194,0.0,23
750,1.5241986417770386,1.6217177534103393,0.4016227180527383,0.05357873210633947,0.0,19
800,1.5209284973144532,1.623806550502777,0.3845841784989858,0.05521472392638037,0.0,19
850,1.5204712009429933,1.6245090818405152,0.3886409736308316,0.05685071574642127,0.0,19
900,1.5207453179359436,1.6279807710647582,0.3403651115618661,0.044171779141104296,0.0,19
950,1.5220025444030763,1.6282019519805908,0.3906693711967546,0.059713701431492835,0.004573804573804574,30
1000,1.5224735617637635,1.6298352479934692,0.39675456389452335,0.05725971370143149,0.0,19
